text,label,notes
Assassin's coin glitch in liberation help,analysis,
"How were you able to get to the coin npc while in the slave persona? There's 3 coins in the bayou, 7 in New Orleans.",analysis,
"First time exploring the villa as Desmond. Love the music and the scenery, and playing as Desmond like an assassin was so fun",opinion,
I like all the homestead missions for assassins creed 3. It really made the game feel more personal for me,opinion,
"It’s hard to get a clear why. But the colonial assassins clearly violate every tenet of the creed. Which is funny because this is what causes their downfall, they don’t hide in plain sight and put their flag up huge to show where they are, they don’t care if they kill innocents and they compromise the brotherhood constantly.",analysis,
"I must say I dont think there is much DNA in AC anymore as the games all have such widely different gameplay, story and aesthetic designs. The closest thing is the historical setting.",opinion,
"Petruccio would take Claudia's place as the more business minded member of the family when he grows up, since he can't do anything physical.",opinion,edge case
"
All the armies the Borgia could muster wouldnt stand a chance against the hellfire that Ezio, Federico, and Giovani would bring down apon them",opinion,
Giovanni would’ve ended the Pazzi and Borgia before Mass on Black Sunday could even be held.,opinion,
"Templars hunt for the tools to bend people's will under a guise of ""order"" while pretending like every agent of control will be good-willed. And that's ignoring that Templars were behind Hitler's rise and gave him apple to make a world order. Assassins have some limits, Templars don't. They will raze a city or do anything if it means they get to have the ""order"". It wasn't until Haytham and only Haytham who thought of following practical goals instead of chasing precursor tools.",analysis,
Yes it's a great game but no interest in 100% it. Some of the challenges really drain the fun out of it. Such badly conceived challenges. (Though still not as bad as Mirage),opinion,
"Try to kill the other enemies near the hiding spots or on a trajectory where the enemy will pass by the hiding spot to reach the body or when you know that another enemy will see it and come to investigate, go into the hiding spot.

I remember the cherry bombs not being the most consistent and the partial detection was a better way. Don t bait them to the hiding spot by letting them spot you near the hiding spot, stay further back but on the trajectory of the hiding spot, then before the enemy passes by, use the hiding spot. The enemy will pass by the hiding spot to it s ,, destination "" ,then you assasinate. If more than one enemy will come and pass by the hiding spot, let them pass, when they return back to their posts, assasinate the last one.",analysis,
"Gameplay & Mechanics
I've begun a replay of Syndicate and am 12+ hours in now. I haven't touched the game since 2019 so I've forgotten everything about the controls, and was surprised of how janky/unresponsive moving and parkour in this game feels.

(I'm more of a casual player, so I don't know the tricks and cool people accomplish with parkour in these games, and it may also be because I'm used to Unity's and Ezio trilogy's parkours as I've 100%d those games more or less recently.)


Any time I try to go down, Fryes won't jump as I've gotten used to. And that they won't fall down from places ""too"" high. Turning around especially in tight spots feels really bulky (?) like turning a truck when I have no driver's license. Sometimes they get stuck on railings or fences and refuse to hop off despite any input? Honestly sometimes how the parkour works feels really random and frustrating when it breaks. I hope I'm not the only one who has had problems with it. I wish they'd stuck with Unity's system for Syndicate, though that comes from a place of love and 200+ hours of Unity.


Please be nice to me..... I still enjoy the combat and stealth portions, and the gameplay loop for what it is.",opinion,
"I know this game is over 10 years old at this point but I’ve been playing through the all the AC games and ran into this glitch for the side mission “Lost In The City” where upon starting the mission you instantly fail saying you failed to locate the prostitute.

There was nothing I could find anywhere online for a console solution, so I’m just putting this out here so when someone else runs into it and starts googling it they can find this.

But if this happens to you.

-Fully close the game -Hard Restart Your Console (shut down, and unplug for 2 minutes) -Load Back in the game -Fast Travel to a different location and then actually run to the mission marker

This worked for me, you might get away with just fast traveling and running back. But I covered all the bases.",analysis,
"
The closest thing that happened to me (in PC) were those tailing missions in the main game, if you activate super vision too early and the target gets recognized you will insta-fail the mission from being too far from the target",analysis,
"The Prince from Prince of Persia would probably be a good assassin giving his skills
All the main characters would be too because they pretty much already are
Felicia Hardy (black cat) would too, same for Catwoman",opinion,
"Van Helsing, from the movie with Hugh Jackman.

Idk why, I just always thought it would've been awesome to see a monster hunting Assassin, even though Van Helsing is technically associated with the catholic church, which's commonly controlled by the Templars.",opinion,
"99.29% Sync - discovered what the remaining 0.71% is

Searching online I found some other folks stranding on a 99.29% sync percentage, wondering where the remaining 0.71% is to be found.

There's one San Giminiano side mission called 'Don't Get Your Hands Dirty', gently requiring you to not use any weapon to carry out the four assassinations. Since 100% sync was only introduced in Brotherhood, there's no indicator during or after the mission to track if you fullfilled the requirements, since you can finish the mission using weapons. This mission might be one of the seeds that led to the 100% sync mechanic in the following titles.

So for completionists out there: just make sure the four guards are assassinated without using any weapons, and you should net the remaining 0.71%. Well done, you!",analysis,
"I certainly do, and I always thought they contributed to the liveliness of the Caribbean and what the major Empires were up to:

Andreas Island: after finishing the tutorial mission for robbing Plantations, come back and you’d find a Spanish Brig and 3 Spanish Schooners chilling near the island

Cumberland Bay: the badly damaged Spanish Man O’War blocking the main entrance to the bay, usually was a prime target for a player’s first crack at raiding a Galleon

Tortuga: Guarded by 2 British Frigates and a Gunboat, it’d be great if Resynced could work it into the location narrative

Île á Vache: A max level British Frigate pummeling a whole bunch of allied Pirate brigs appearing out of a misty fog

Cayman Sound: A British Frigate and a few Gunboats chilling in the bay for some reason

Pinos Isle: Both entrances guarded by Spanish Frigates, and given it‘s the site of a Templar Hunt mission it‘s possible Resynced could work that in.

Corozal: A Spanish Galleon blocks the entrance while inside a max level Spanish Frigate chases an allied Pirate Brig around the small bay

And who doesn’t remember the New Bone blockade, how it was a Level 60 Man O’War and two Level 29 Frigates, aka prime farming for Kenway‘s Fleet back then if one was looking for Galleons to add.",analysis,
"This is a criticism I don’t really see brought ip about the game a lot, and I would like to here.

Played it for the first time. Loved it. But I really feel like the mechanics are largely unimportant.

The notoriety system I think is the worst offender. I don’t think I ever became notorious outside of scripted instances. You can murder a mass of guards and get just a smidgen added to your meter, walk across the street, pull a poster off the wall, and no one knows who you are.

Because of that I almost never had to hide, blend in, or try to run. These would have been fun, satisfying mechanics, but the game never made them the best option.

I’m not sure why I didn’t consider this. But if I played again, I would probably refrain completely from ever fixing my notoriety.

Now look, I don’t necessarily NEED a game to be hard. I don’t NEED it to be easy. I’m just not sure I understand setting up a certain obstacle, and then undermining it by giving you effortless ways to work around it.",opinion,
"For me it’s harder than brotherhood, especially trying to get 100 percent sync. Definitely on memory sequence 6 when you are SOMEHOW not supposed to take any damage despite there being 100 guards! Don’t get me wrong other than the 100% sync I love this game and its story and happy to have the chance to play as Altair but I just can’t stand it. It was far more enjoyable and relaxing when I could just play brotherhood. I’ve nearly 100 percent that entire game. I am frustrated to the point I’m about to quit this game, it just seems so unfair with the amount of guards that come after you.",opinion,edge case
I’m trying to get full sync in every assassins creed game and AC Unity is by far the worst to 100%,opinion,
"
If you're achievement hunting, there are more ways to complete Abstergo challenges than finding social chests. Do the other challenges which are in your control - social chests are not. Hopefully you also found a whale and a royal convoy for the ""Sharing is caring"" achievement.

Also, pro tip: if you do find a chest, let it share the location. DO NOT OPEN IT! Then quit out to the main menu and load back in. The same chest should be available again and it will count once again. That is how I got 3/3 social chests - found one and then quit out and reloaded twice.",analysis,
"I hate this like wavy animation thing when I'm just moving the map across, is there any way to disable this? It's like giving me motion sickness feeling, not ever had an issue with an AC map before",analysis,
"Yeah, combat is repetitive and I hate how they didn't bother to depict a hoplite battle. It also threw all historical accuracy out of the window in favour of generic RPG enemies. Naval Battles are fun but lack the impact. Not even because it's limited by the tech of the time. E.g. No hoplite heavy Spartan ships where you basically end up fighting a hoplite unit on a ship. Athens had the better navy and Sparta's was regarded as a joke.",opinion,
I try to finish every Assassins Creed Game till Origins to 100%. Here are my reviews (Part 2),opinion,
"Shadows is a beautiful game with a lot of fun combat. But it has absolutely no personality beyond that.

It's ok to put it away.",opinion,
"
If your biggest issue is the story, then unfortunately it’s not going to get better. I thought Act 1 was actually good but Act 2 is when it really devolves into meaningless checklist filler.

I have close to 500 hours in Shadows (according to Playstation’s timer) but it was carried by the gameplay and build crafting. Nightmare difficulty where you really have to take all the gameplay mechanics seriously (as in, do more than just fish for parries and mash the light attack button), especially with no HUD and no Eagle Vision, is the most fun I’ve ever had with any AC game (probably alongside my first playthrough of Black Flag now that I think about it). My glass cannon damage + bleed + armor piercing builds for both Naoe and Yasuke basically recreate Ghost of Tsushima’s Lethal mode in Shadows. Stealth-wise, no two castle infiltrations even in the same castle play out the same way for me which is a mark of a good stealth game IMO.

That doesn’t excuse them dropping the ball so hard with the story but it’s a fun game if you’re willing to invest in the gameplay side.",opinion,
"Question is as the title. My first experience of the AC series was with Unity and Syndicate, and in those two games, climbing these view points are generally safe and rewarding with a spectacle view of the open-world when you reach the top alongside with the map opening up revealing many subquests and side objectives. But when I decided to start from the very beginning of the series that is AC1, I can only have that feeling within the cities.

The Kingdom area have towers in the middle of guard encampments. It wasn't as bad for the camps near Damascus, I was able to walk right in and climb as long as I don't suspiciously dash around. But after finishing my first assassination (Tamir in Damascus Poor district), I am pointed to either Acre or Jerusalem. The routes leading to both of them also have guard encampments around view points, but they aggro on sight so I'm stuck between ignoring the view point entirely or having to kill everyone inside just to climb that one tower.

All of this kinda ruining my experience a little. Do I get anything from opening up the Kingdom map entirely (Reveal the flags, extra bonus like Sync Bar)? Or should I just breeze past it on a full galloping horse straight to the cities?",analysis,
"
To answer your question: the kingdom viewpoints reveal the map and count towards your next sync point. 

Additional notes: there will be a story locked area in the Kingdom much like Solomon’s Temple at the beginning of the story. (Only open during a story sequence and unavailable during free play) Getting there is easier with a visible map but not impossible. Also, once you visit each city once, fast travel will be available. Basically, yeah, you can skip the Kingdom 

Friendly advice: Skip the Templar/Flag collectibles too. The reward you get is a checkmark in a box. Considering the collectibles aren’t marked on the map, it’ll be a nightmare to keep track of which have been picked up and which have not ",analysis,
"Maybe controversial, but I like the throughline of Sages, and even the Aesir planting themselves into the human genome as one-time reincarnations. To this end, Algirdas and Olgierd are both Sages of an Isu named Svarog, who was an inventor and builder of many of the Pieces of Eden. This is why Olgierd in the 21st century is such a prodigy.",opinion,
It's better to play Assassin's Creed 3 after Black Flag and Rogue,opinion,
They used Unity assassinations animation on the remake,analysis,
"So I am catching up AC syndicate, yes I know it is 10 years or more old. Love the series and I am playing them in order. Started playing AC since the PS3. So I had the Ned glitch. Could not get the Ale heist upgrade no matter how many times I tried the mission locking it.

Fix: I went to Robert T and activated him. I was in seq 7 and still had not done the fight stuff. So I went to see him, activated him. Then I was able to talk to Ned and activate him too.

After that everything was available.",analysis,
"
I’m not sure the full question but based off buying shadows for 2 platforms: Cross progression exists. If you save on one platform, the save transfers over to the other as well. Just hit continue and it’ll load the recent cloud save.

When it comes to deluxe items: you must own it on both platforms. If one platform doesn’t have it, it’ll be taken away in that platform. So if you own deluxe items on Xbox, and don’t own it on PC, then when you play on pc, they’ll take it away from your inventory.

Buying the game or deluxe items on one platform doesn’t give it to you on Ubisoft Connect, you have to buy it on BOTH platforms. No cross buy.",analysis,
"don't think so.

For me, the problem was the lack of coherence between stories and the super slow pace. There were a lot of activities, but I didn't find they were well organised.

It has been years since I played and I never returned to it. I don't know if I will.

I had some 60 hours of gameplay and I always felt like I was in a introduction trying to find out how the stories connect and work.",opinion,edge case
Would Valhalla be a better experience if I didn’t play it as an assassins creed game?,opinion,
It would 100% make the experience better. My main gripe about Valhalla was the constant thought of wasted AC potential. Plus y ou do not need to feel guilty about sacking the monasteries.,opinion,
Assassin’s Creed 1 is easily my favorite [AC1],opinion,
"
What I really miss from AC1 is the atmosphere, in both Altaïr's time and modern day. I replayed it a few years ago for the first time in a decade and I'd forgotten how genuinely dark and unsettling it could be, all the others (except Revelations at times, which is fitting) feel like some kind of heroic adventure but in AC1 you really feel the cold, oppressive nature of the events you're witnessing, from the brutality of the Crusades to Abstergo's iron grip. You don't feel like a Protagonist, you feel like a person doing what's necessary to make it through a dangerous situation that's much bigger than you individually.",opinion,
"
I thoroughly enjoyed AC1 when I first completely played it on PC during the pandemic 6 years ago and then played it again in 2023 on the 360. What i didn't know was the notes of Altair in 1 I knew about the writings of Altair in AC2 in the codex. You've given me something to look into. thank you",opinion,
"So I have been reading a lot into this and I am stuck between understanding whether people who take part in the grey and reincarnation are actually alive or all this is just making a copy of their memories and personality which then shows up and tries to be dominant.

For example Basim and Loki, I think Loki is actually dead and gone, his personality and memory is copied which resurfaces in Basim, its just that it's so confusing to have these memories that Basim starts to act like Loki, walk like him, talk like him

Same with Juno, Aita, Aesir. They are all just leaving a copy of their memories and personality.

Juno is just an AI trained on Juno's behaviour.

Aesir and Aita are just memories and personalities that resurface and overwrite the hosts personality.

In the ac Valhalla Isu scene where they show themselves uploading, after the uploading the Aesir walk out of the room with weapons in hand. If they were actually transferring their consciousness or themselves then their body should have become a shell, but that does not happen.

I think that all the Isu are dead and gone, they wanted to be immortal but all they have managed to do is leave a digital copy which acts like it is alive and it's the real person.

Please help me understand what is happening.",analysis,
"My biggest gripe with modern parkour is it just feels too fast. The characters make these huge vertical leaps, pull themselves up on ledges at lightning speeds, and jump over massive distances, it gives them a look of weightlessness. I understand some people like this, but for those that don’t I hope they add the option to disable bigger jumps and add slower animations. In my opinion slower movements make the climbing look more intentional, like the character is thinking about each grab as the climb.

Yes I know this will likely never happen, but I’d love to see it and wonder how many others agree?

Edit: slower as in closer to Unity. When I say modern i mean literally the last couple of games, the characters movement feels a little absurd.",opinion,
"Edit: Added some historical context. One bag of rice back then had a purchasing power of about 700 to 1,000 USD today.

As an old fan of this series, I really hope Assassin's Creed can have a good future. I tried my best to understand this game and ignore some negative comments about Shadows, but there are some details that make me feel a little confused.

In the game, we can see these rice bags left everywhere carelessly. They are placed beside the roads, or even right in the middle of the roads. We can also see them in wide open spaces, and in the messy corners of bandit camps. There is no proper storage and no cover for them, so they just stay under the sun and the rain.

For Asian people, rice is not just food to fill our stomachs, but it is also a very important soul that connects our family emotions, our culture, and our history. Americans might not eat bread every day, and Italians might not eat pizza every day, but we really eat rice every single day.

Therefore, leaving these rice bags everywhere. And they have no cover, so they stay under the sun and rain, which makes the rice become useless garbage. Seeing rice bags randomly placed anywhere under the rain makes me feel a little sad.

More importantly, in the Japanese Sengoku period, ""rice"" was actually the salary for samurai. Their income was calculated by how much rice they received. Those are not ordinary sacks, but standardized rice bales called *kome-dawara*. They held a defined quantity of rice with clear economic value and were used for taxation, stipends, and trade. They usually contained brown rice. At the time, rice was a major tax resource, military supply, and the basis of samurai stipends. Leaving rice bales like that would expose important food and valuable property to moisture, fire, theft, or damage.

r/assassinscreed - According to the official Nagano Inavalley Tourism Bureau
According to the official Nagano Inavalley Tourism Bureau
For example, Yasuke’s master, Oda Nobunaga, his historical income was ""7 million Koku"", which is about 1 billion kilograms of white rice. If Nobunaga gave Yasuke his salary, it would also be rice.

I cannot help but wonder, does UBI maybe not know that those are bags for valuable food? Is it possible that the management gave the studio these texture assets, but the staff did not recognize what they were, so they just pasted them to fill the empty space?

Also, perhaps for the light and shadow system, there are too many lighting facilities, like many bonfires, torches, and lamp stands.

At that time, almost all buildings were made of wood, so this looks very dangerous. Torches are even placed right next to straw and rice bags.

Even if I try not to worry about these things, seeing lamps lighted outdoors in the broad daylight is still a bit strange for me. I really hope the development team can notice these small details.",analysis,edge case
They know. But it's an action video-game so it's there so you can climb on it and get onto the wall. Same reason for all the torches. It's to add more gameplay for the new darkness/stealth mechanics.,analysis,
"
If the setting is Assassin's Creed Syndicate and Unity, then that is pretty much like having barrels of whisky or brandy just casually left lying around all over the place.",opinion,
View points are for fast traveling which is needed especially in the frontier section of the map. Guns get better once you can start upgrading them a bit but I bet you’ll like the bow and arrow,analysis,
"Fast travel was reworked for this game so rather than between fixed points for departure point and destination you can, under most circumstances, go from wherever you are to any Viewpoint you've activated. Saves time heading to a stable or underground passed entry.",analysis,
"Mine is similar to yours

Story is far more cinematic and missions are pretty cool too

General gameplay is worse all around to me.",opinion,
"When the guards were shooting at me, it was hard to avoid them. Believe me, at first, I was cussing at the screen more times than I can count. Then I realized I just had to push the dodge button at the right time while climbing. I started practicing parkour, you know, just mindlessly running around on top of the buildings, bouncing between walls, and learning which button input does what. Once I figured that out, I started learning how the dodge button worked while climbing without getting shot at. Then I practiced with real soldiers, letting them chase me. Yeah, it works pretty well. Sometimes I still get shot at, but not as much. With all this being said, Unity is still my favorite when it comes to parkour!",analysis,
"As stated in the title, I'm curious if many fans still expect new AC titles to contain robust movement mechanics, or if the importance of that has diminished as the series has changed in genre and scope.",opinion,
"Taking a Leap of Faith…

• Full immersion.
If you are a newcomer interested in the entire mainline game series, simply follow the red tiles on the infographic. If you want to go further, you can explore the spin-offs and video materials as well. And if you want to fully dive into the world of Assassin’s Creed, start adding the books and comics to your journey.

• Fresh blood.
If you are planning to jump into the series but do not feel like going all the way back to 2007, you can skip the franchise’s “Golden Era” and start with the soft reboot — Assassin’s Creed Origins. Some pieces of lore may feel unclear at first, but you can always look them up when needed.

• A journey through the ages.
If you are not particularly interested in the modern-day storyline, the Pieces of Eden, or the wider lore, feel free to launch any project from the red tiles. Into pirates? Assassin’s Creed Black Flag is at your disposal. Prefer Victorian London? Welcome to Assassin’s Creed Syndicate. Finished the game and enjoyed it? Then move on to the related comics and books.",analysis,
"I'm playing through Valhalla and noticed something curious. When you hover over abbey locations on the map, the ambient chant that plays is actually ""Chestneyshuyu Kheruvim"" (More Honorable than the Cherubim) – a well-known Eastern Orthodox hymn sung in Church Slavonic. I recognized it because I'm Orthodox Christian and hear it regularly at services. The thing is, 9th century Anglo-Saxon England was entirely Latin rite. Church Slavonic liturgy would have had no place there historically. Looks like Ubisoft's sound team grabbed a sample from a library without checking which Christian tradition it belongs to. Has anyone else caught this? I'd imagine most players just hear it as generic church choir ambiance.",analysis,
AC2....i love and hate this game at the same time.,opinion,
interesting.. Ive been on a platinum hunt with ac and been replaying them. I thought 2 held up rather well. The parlor was really good and I appreciate it.,opinion,
The most infuriating one was AC1 I actually stopped playing that one because I couldn’t stand the stuff controller. AC2 is a bit better . But I’m also playing like 5 others at the same time lol,opinion,
The steam store page literally says it does. Also all Ubisoft titles on PC support Dualsense haptics and triggers on PC so there's that.,analysis,
"This ac3 had projectile chain kills which i wouldnt know if i wouldnt remember em fron brotherhood

Then there are the enviromental kills which were explained in a haytham segment then you only ever had to do it once more on a brawler challenge way later pretty sure

Or Ac4 and the throwing knife kills, which i wouldnt even have noticed if i wasnt looking at challenges",analysis,
The wild west. I have no idea why people keep bringing it up.,opinion,
"
If the game was that dark with the default HDR settings, you could always tweak the Exposure setting to brighten it a bit.

But if it needs more adjustment than that, you should look up a HDR calibration guide for your specific TV, as it sounds like your TVs HDR isn’t calibrated correctly",analysis,
Assassins Creed 3 Remaster Graphics are awful [Non Spoiler],opinion,
"Prefer the command line? This auto-detects your language, no hex editor.

Run in the AC2 install folder. Makes a .bak, asserts the layout before writing, so it can't corrupt the file. (Linux/macOS/WSL, or any Python on Windows.)
python3 - <<'PY'
import re, shutil
f   = ""uplay_install.state""
LOC = rb""[a-z]{2}-[A-Z]{2}""                 # de-DE, fr-FR, ru-RU, zh-CN, ...
d   = open(f, ""rb"").read()
assert len(re.findall(rb""\x1a\x05""     + LOC, d)) == 1, ""head token not found""
assert len(re.findall(rb""\xd2\x01\x05"" + LOC, d)) == 1, ""tail token not found""
shutil.copy(f, f + "".bak"")
d = re.sub(rb""(\x1a\x05)""     + LOC, rb""\1en-US"", d, count=1)
d = re.sub(rb""(\xd2\x01\x05)"" + LOC, rb""\1en-US"", d, count=1)
open(f, ""wb"").write(d)
print(""Done -> en-US (backup at %s.bak)"" % f)
PY
For a different target language, replace both en-US with your code (e.g. fr-FR).",analysis,
"Why the registry trick alone fails: the game reads its language from HKLM\SOFTWARE\Wow6432Node\Ubisoft\Assassin's Creed II\Language, but Ubisoft Connect rewrites that value on every launch from the real source of truth — the active language token inside uplay_install.state. Edit only the registry and Uplay reverts it. So you must fix uplay_install.state.",analysis,
A setting in China that I think would be incredible for a hypothetical Assassin’s Creed game,opinion,
"Indie game dev here! Just wondering if anyone had any resources on any of the games’ parkour systems? Like dev logs, infographics, books etc for the games or even just parkour systems in general. Would love to read about it and do a project trying to replicate the parkour systems we all know and (mostly) love.

Honestly, even the ‘worst’ iterations of them are an incredible technical feat!!! Id love to even just know more about how they were made.

As a sort of guide for what I am looking for, I have already seen the dev analysis on Unity’s parkour system, and I found it to be a bit too high level.",analysis,
Is eagle vision/sense always on or does the assassin have to tap in to it?,analysis,
The clothes in AC Mirage are totally wrong! As someone who visited al-Anbar and read a lot about it and asked friends from there,opinion,
"I'm currently platinuming Unity and I have only this mission to 100% synchronize.


The mission objectives itself are not the problem but the final boss fight! Yeah I did it once, but I have zero chance on doing it again! How did I even do it..


Every time I try to swap cover, I'm just vaulting over the cover and jumping straight into the open and dying!


And yes I use distractions like smoke bombs and cherry bombs, but the final time I need to attack him, I fail! Nine times in a row already.",analysis,
"I know it's ""Hidden One"" outfits weren't many in AC Valhalla, but I do think they tried.",opinion,
"Yes. Assassin's Creed: Underworld states that Evie grew up learning about most of the Assassins we play as:

Learning, that was what fired the imagination of Evie Frye. The writings of Assassin elders, chronicles of legendary Assassins: Altaïr Ibn-La’Ahad, whose name means ‘the flying eagle’, the handsome and dashing Ezio Auditore da Firenze, Edward Kenway, Arno Dorian, Adéwalé, Aveline de Grandpré and, of course, Arbaaz Mir, with whom her father had spent so much time when they were younger men. All of them had joined the struggle to hold the Templar scourge at bay, fighting for freedom in whatever time and territory they plied their trade; most had at one time or another become involved in helping to locate what were known as artefacts.",analysis,
"
Hi all,

I recall being able to own a previous AC game on steam, while owning the dlc(s) on my connected UbiConnect account, and having no issues utilizing said dlc in my steam installed version. Am i making this up, and if not, is this still the case in shadows? (also lowkey valhalla bc i originally owned the game + year 1 dlcs on ubi, and have started to migrate most of my ubi games to steam now that more of the recent ones are available with achievements and everything.)",analysis,
"I can confidently say that Origins is, truly, the best AC game to date",opinion,
"This version featured four PC-exclusive memories, including the Rooftop Race Challenge, the Archer Stealth Assassination Challenge, Merchant Stand Destruction and Informant Escort Challenge.",analysis,
Ezio is a Mary Sue character,opinion,
Going through a tough time rn and replaying Assassin's Creed Brotherhood has been great,opinion,
"
Thats what I love about AC, it offers me a temporary secondary world which I can enjoy after a stressful day of work. I know you can say that for any good video game but ac for me specifically hits the ""relax"" zone the hardest.",opinion,
AC Brotherhood is one of the worst games in the series.,opinion,
"Hi.

I just beat Brotherhood and I started Revelations. I was checking online if I have all the content to that game, and I discovered that two Templar Lairs should have been unlocked through the Da Vinci Disappearance DLC. They have not

Is there a way to still unlock them?

My game says 100% sync, but I didn't do those lairs.

Thanks.",analysis,
"Hold ZR and B to sprint/free-run and climb. Tap B while holding ZR to manually jump.

You can skip most of the race by climbing the church directly. You will very likely be ahead of his brother by the time you reach the roof.",analysis,
Ac3 is the only AC game I’ve truly struggled to get into,opinion,
"The Origin of 'The Creed'

As you can likely guess, the Creed originates back to the days of Bayek of Siwa (38BC), when he and his wife, Aya, formed The Hidden Ones. However, it wasn't until the days of Altaïr Ibn-La'Ahad (1191AD) that we learned of the three tenants of 'The Creed'.

The Three Tenants of the Assassin's Creed

Stay your blade from the flesh of the innocent. - Originally introduced by Bayek of Siwa, this is put in place to avoid Assassins from deviating from their path as precise killers - only killing those who justly deserve it.

Hide in plain sight. - The Assassins aren't an order that wants to affect the world through guidance or manipulation, only remove those who seek to control the free-will of others. This also adds to the mysterious or supernatural effect of Assassins appearing from nowhere and seemingly disappearing just as easily.

Never compromise the Brotherhood. - A simple one of self preservation. If an assassin is ever being pursued, they must never directly retreat to a known assassin hideout. If an assassin is captured and questioned, they must never reveal any of the orders secrets.",analysis,
"There were definitely “harder” ones to get, but Original Gamer in AC3 was the absolute worst. AI miracles in Bowls, and needed a video guide to win at Fanorona and Morris because even if I thought I knew the rules, the AI would pull some bullshit. Felt like it took me 4 hours waiting for the computer to mess up and not get a perfect Bowls round when I was up 3 points in the last round. Never again.",opinion,
Any love you have for Assassin's Creed III is nostalgia. It's dreadful.,opinion,
Shadows Main Story is ~40 Hours long,analysis,
Brotherhood and Revelations felt so much weaker than AC II,opinion,
AC Brotherhood is kind of a slog imo,opinion,
"I found a very simple solution for Assassin’s Creed 1 stuttering on PC (Windows 10/11).

Problem: The game stutters every few seconds even on decent hardware. Tried V-Sync off, affinity, FPS cap, etc. — nothing fully worked.

Solution (very simple): ➡️ Disconnect from the internet and play the game OFFLINE.

Steps:

Turn off Wi-Fi / unplug Ethernet.

Launch Assassin’s Creed 1.

Play normally.

Result: Stuttering disappears or is significantly reduced.

No mods. No config files. No extra programs.

Explanation (possible reason): The game tries to connect to old Ubisoft online services that no longer work, causing periodic freezes. Playing offline stops these checks.",analysis,
"Dude, I've going around a lot of foros searching for a solution and I want to share what it worked for me cause I would love to find an answer like this.

If you start playing the game and find randomly the game screen freeze and then go on in bucle, you just have to quit the internet before launch the game. Resolved, the game will perform perfectly.",analysis,
"In the original book which Assassin creed was based on(Go read the Alamut) the phrase had two meaning

the first one meant the only real world is heaven and this reality exist solely to uplift you to heaven. As to make Hasan’s follower value their lives less and Value his goals more

the second meaning was the cynical version that the world is based on our mere senses and that gives Hassan free reign to control others with his ideology with no real consequences

i strongly believe the AC version is the same.

-Notice how every protagonist defines it differently And is pretty contextually sensitive to their journey

-Altair wrote in the codex that if everyone in their organization dropped dead someone will eventually see what remains of their symbols and culture then replicate it for their own means(a good chance the assassins we see are not the ones from origins)

-you did and caused a lot of historical Disasters and or tragedy to come into fruition that the game never shine that much of a light on (Like killing Caesar):

-think of all the space aged technology that could’ve advance humanity far beyond their capabilitie I mean I get the apple don’t want to mind control others but a cloak that heals you or a lightning sword could have done so much good.

the series to me feel like both Group were finding excuses to play god while the world would be better off without both of them",analysis,
Assassin's Creed Origin's world is the greatest open world I've ever experienced,opinion,
I know I'm very late to the party but I just love AC Origins so much!,opinion,
"
Flavius is with Caesar when they snuck Cleaopatra via rug into their meeting with Ptolemy. He's also in the tomb of Alexander the Great and Bayek can overhear him talking to Caesar about introducing him to the Order of Ancients. He's also with Bayek and Aya and Caesar during the Battle of the Nile. Although they never have a direct conversation with him, they've certainly been ""in the same room"" with him a number of times during the story and we can reasonably assume since they trusted Caesar, they could also trust whoever was around him as his ally.",analysis,
AC Origins missed some huge story possibilities,opinion,
Seriously the theme is so epic. Bayek of Siwa is another standout track! Sarah Schachner did a great job mixing modern music with a Egyptian theme.,opinion,
"
Not gonna lie, it’s probably my favorite theme of the whole franchise. I love the atmosphere, the arrangements. Very immersive.",opinion,
Assassin's Creed Origins has my favourite soundtrack of all of the Assassin's Creed games,opinion,
"
The quests are this week's ""Trials of the Gods."" https://support.ubisoft.com/en-GB/Faqs/000032123/Trials-of-the-Gods-ACO/

Don't even go near them before you're level 38 at least. Unless you enjoy pain.

I don't recommend the level boost to new players. It was meant for returning players when the 2nd DLC ""Curse of the Pharaohs"" came out. Boosting yourself to 45 will dump a truckload of skill points on you, so you'll be unlocking almost your entire skill tree at once. That will most likely be overwhelming. It's better to unlock your skills one-by-one and find out what each one can do for you before getting the next.

You should learn which weapons are ""best"" by giving them all a try and finding out which class suits your playstyle. They all have pros and cons. Generally it's a good idea to have two very different ones equipped in the two slots, so that you can switch quickly as needed, i. e. some daggers for brawling and maybe a spear for when you're fighting mounted.

Clothing has no stats in Origins so you can choose any outfit you like.

Shields have resistance perks. Choose one with resistances that are appropriate to the task at hand. For example, when you're going to clear a crocodile lair you don't need ranged resistance on your shield because crocodiles are unlikely to shoot arrows at you. You want melee resistance in this case. When you find a shield that has resistances for both major damage types (melee and ranged), hold on to it. There is no shield in the game that has resistances to all three damage types (melee, ranged and fire) so it's always a trade-off.",analysis,
"i’ve been a assassin creed fan for a long time, played nearly every game but odyssey is probably the funnest one there is. i know people look at it and think it’s not an assassin creed game which i agree with most of the time (except the hidden blade dlc) but it’s just a really fun game and alexios/kassandra are one of the best protagonists in the franchise. what’s your opinions on odyessy?",opinion,
"Like the title says, I think a War of the Roses setting would be really cool for an upcoming game. We’ve seen Assassins and Templars both have disputes within their order, and we’ve also seen them team up with one another to fight a greater enemy. So I think a combination of the two would be pretty nice. We already have an England map thanks to Valhalla, too.

Our MC could be from a small nobility cast down as a result of the war, with their initial reasoning for joining the Hidden Ones as a recruit being a search for which side killed their family. As the game progresses, they learn of the Templar civil war that is being expressed in the War of the Roses.

For open world, I think something similar to Odyssey’s territory system would be pretty nice. We’d have the option to support either the Yorks or Lancasters in small territory battles across the English countryside.

As for the central antagonist, I see no one better than Richard Neville, the Kingmaker. And a step further could be Henry Tudor being raised to king by the Assassins, maybe having him as a side character throughout the game.

Just a random idea",opinion,
Based on the amount of footage we’ve seen thus far I’m really hoping while the devs still have time they pump up the amount of smoke that emits from cannons and pistols when fired. One thing I really liked about the remaster was the huge clouds of smoke that would cover the screen during naval combat. It made the battles feel more immersive and realistic. I know the devs have already responded to community VFX suggestions on combat so I would love to see them touch up on this as well.,opinion,
"Didn't know Ubisoft had it in them. Seeing Edward move in combat had me sold. The speed is back. Counter kills and kill streaks are back. Double counters are back. Human shield returns. Hidden blade combat too if I saw right. And the seamless switching between the cutlasses, rope dart, and pistols was *chef's kiss*",opinion,edge case
"Now I am replaying the original AC game for the first time since 2008 or 2009. I get why it gets praised and all, a love the first 2 games myself, but I think I just found the worst assassination mission of the franchise so far.

It’s the first Jerusalem assassination. The task is Talal, the slaver. My point is - every preparation you do in the town doesn’t make any sense, because Talal ambushes you in his castle by default. It’s scripted and you just can’t use your intel data (which contains pretty interesting stuff about Talal being pro archer and using his people as meat shields). And then you just go berzerker to chase Talal down the streets and kill him in sword duel, no stealth, no assasin stuff whatsoever. Zero arrows shot from Talal, zero meat shields spotted btw.

And it’s not the game punishing you for something, it’s just scripted. Lame for me.",opinion,
"Origins, Mirage, Odyssey, Valhalla, Shadows

Honestly it’s super hard to rank these games because they are good at such different things. I rank Origins highest because it was so fresh, so new, with such a great protagonist (pair).

Mirage has that classic city stealth and the new expansion really fleshes out Basim’s character even more. Odyssey of course has such a good open world exploration and combat.

The last two are so inconsistent. Yes they do some good things. Valhalla out of nowhere throws in the craziest Isu lore we’ve seen in a while. The stealth options in Shadows are just amazing and the world is beautiful. But these games are so frustrating. I just can’t rate them highly because the package is overall so disappointing.",opinion,
"
You picked a great place to start! Ezio trilogy is my favorite in the whole series for the story, the amazing soundtrack, the beautiful environments, and the amount of character development they did on Ezio.

No other game in the series has measured up in my opinion.

If you're curious about the modern day story you were thrust into the middle of, it wouldn't be a bad idea to try the first game. But the gameplay is pretty dated and the story is a bit repetitive; Though it's still a unique game with its own distinctive charm.",opinion,
"
Urban renovations are a passive and strong source of income in all three of them. Prioritize renovating shops to increase your income. Buying art and weapons and collecting feathers in II will also boost income, but it's much more modest. The landmarks in Brotherhood and Revelations are extremely expensive and don't generate much revenue so they're best saved for last. Recruits in Brotherhood and Revelations are extremely useful. Use them often and send them on quests via pigeon coops or maps, this will level them up quickly and improve their health and equipment. They can die in combat or if they fail a mission, but you can always recruit new ones.
",analysis,
"I saw some gameplay footage that shows that when you begin a Fort Raid now, your crew will give some background on said Fort.

Examples

Fort Gibara: known as a notorious Spanish prison that likes to Gibbet prisoners, and your crewmen say they‘d rather take their chances with the sea than end up there.

Fort Dry Tortuga: A Spanish munitions storage facility that stockpiles so much gunpowder and shot it can be smelled on the air from nearby on the Jackdaw.

Now this is great, really helps to distinguish each Fort and make them unique instead of targets you just blast and take over like in the OG.

Makes me wonder what the others will be like, especially British-controlled Fort Navassa in the southern region, because don’t we all remember its 9 points of defense and the small fleet of Schooners that protected it in the OG game?",analysis,
"
Pretty sure we already knew the Regalia were nothing Isu related. There's a rift where either Nuno Caro or the Guide explain that it's ""just"" important to the culture, and the Templars used it it to manipulate Ashikaga Yoshiaki. The only new information is that Nuno Caro at first believed they were precursor technology before he used them to control the Shinbakufu.",analysis,
"This is just a PSA for those tackling the Domain. I haven’t done a full test yet (ie how many Daishos does it save), but if you wanted to stealth through kill the Samurais as Naoe and wanted to face the boss as Yasuke you can do that just fine. This also makes it so that you can tinker with your weapons and armor to find the right strategy to take on whatever challenge is stumping you.",analysis,
Assassin Creed 1 is worst game I've ever played,opinion,
"Skill issue.

Edit:

Genuinely if you're having problems with movement and parkour, that is a skill issue. Altair only does stuff if you press the buttons to make him do that, but he will do anything you push the buttons for, even if it means flinging himself off a roof or climbing something you didn't want to climb. Have better button discipline and be more mindful of which direction you're actually telling him to go.

If you're going around a corner, don't hold the legs button, slow down to the jog instead of the sprint to make sure you don't accidentally climb. You have 4 movement speeds for a reason, use them.

The NPCs aren't poorly designed, they're operating exactly as intended. The beggars have one of several repeating NPC dialogues that make up the background noise in the cities (like the town criers and merchant stalls). This is so that when you hear people talking about something other than the basic city dialogue, you know you're near an investigation opportunity. The game was originally designed to be played without a map or HUD, so it uses audio cues like that.

The jar carriers, beggars, and crazy people are intentional obstacles placed in the game to make you think and move more carefully. If there's a bunch of stuff at ground level getting in your way, go to the rooftops. Social stealth obstacles are easy to navigate around if you just pay attention.

If you think AC1 is the worst game you've ever played, you need to play more games.",analysis,
"
Deadass, AC1 has the most oppressive and amazing atmosphere in the entire franchise as a complete package; taking both Historical and Present Day as one cohesive experience. Oh my god the mood, the feel. Absolutely nuts.",opinion,
"
Man it is, and the controls just suck but I’m almost done with it and i hear AC ll is much better",opinion,
"
First game was great for its time. You know, a decade and a half ago. Seriously what is even the point of this post other than to complain that they didn't future proof the combat to an unforeseeable standard?",opinion,
"
My first game was Odyssey. It's my favorite. I love the Isu storylines throughout the series and the modern-day stuff. I then played Syndicate. Then I played the first one. I don't understand how that got a sequel, but I'm glad it did I love every other game. I understand why Altair is so important to the story. (I've played Valhalla and 2 after that.)",opinion,
My personal Feedback about the Domain Mode in AC Shadows: it's not something I want from Assassin's Creed and why,opinion,
"Between 1 and Revelations they were brilliant and a crucial part of connecting the series and making everything feel more meaningful

People complaining about them generally come across to me as shallow at best",opinion,
"
I find it very blocky and cartoony, cant get past it, feels like a much okder game than it is.",opinion,
"
I am far from an expert on the subject, since I tend to avoid Unity's combat like the plague, but back then the game promoted the Medieval set for those interested in buffing health, while the Prowler set upgraded melee damage. Can't say how effectice they truly are though, so others should weight in on the conversation.

Don't sleep on the co-op skills though. Even by yourself, either the Group Heal or Assassin Cache can help during battles. Check which gear pieces improve them.",analysis,
"
I just finished a playthrough on PS5 after the 4k/60 fps patch dropped and it looked stunning! On ps4, it's still 900p tho so that explains why it looks bad for you. Unless you have a decent PC or a current gen console that's the best you get unfortunately.",analysis,
"
""I'm playing on PS4"", there's your answer. The vast majority of the videos people post are from PCs (even if they're playing with controllers), and Unity isn't very demanding these days, so it's not hard to run it with mazed graphics + 60fps. The game recently got a patch on PS5 that allows it to run at 4k60fps, so yes, you can basically achieve the same on the next generation.",analysis,
"
It’s whatever you want it to be, whatever your playstyle is. Grab a belt with a lot tools that fit how you play. Opening a lot of chests - grab a belt with a lot of lockpicks. Are you’re like me and like to spam the smoke bombs - then grab a belt with a lot of smokes. If you’re stealthy - wear gear with extra stealth. Like to use disguises - wear gear that allows you to wear the disguise longer. There’s no “ideal” way to outfit Arno other than what is best for the way you like to play the game. Once you max out the skills, the game is a lot easier to play, allowing you more ways to play in different ways.",analysis,
Ac Unity is the worst AC game I’ve played and it’s not even close,opinion,
"
I think Unity is fun. I'm only doing the missions and Nostradamus glyphs. Not planning on 100%'ing the minor collectibles. Personally, I enjoy that the map is small and strajghtforward, and not too bloated",opinion,
"
Skills count too. Simply having all level 5 gear isn't enough. Progress/Get more Sync Points and buy more skills.",analysis,
"
The new Animus is able to read memories even if the user is not a descendant. It only needs a dna sample and it can read it up to when it was taken or, in the case of a dead person, his death. In the case of Bayek, the Animus will be able to read his memories until his death. In Basim's case up to when the blood sample is extracted.",analysis,
"
After conducting research, I have concluded that it was due to either lack of research or because they (and by they I mean the writer of The Secret Crusade) wanted the audience to more easily understand the fact that Sef and Darim were Altair's sons. However, this one doesn't quite add up because of how prevalent the Norse naming conventions are in pop culture and general western public consciousness.",analysis,
I would love to have an Assassin's Creed game that is set at 69 AD to 79 AD in Campania and Sicily.,opinion,
"
Jenny briefly met Arno Dorian in the Unity novel; I’ve never read it in all honesty but I believe Arno wanted a deeper understanding on the Templars to avenge Mr. De la Serre (how you spell it?) and Elise’s deaths, he met an elderly Jenny Scott in which she gives Arno her brothers old Templar letters.

Connor never travels to England in the known AC series.",analysis,
"
The game hard stops a ship from taking anymore damage once it’s board able.

You have to actively try to sink it after the fact.

Like if your first shot from your cannons drops it to red, the rest of the shots will do 0 damage.",analysis,
Pitching an AC game based on my own story concept Assassin's Creed: Kingdom,opinion,
"Am I the only one madly obsessed with The Isu and the modern day story? I’ve played every assassins creed game from the DS to AC Valhalla, I haven’t played shadows yet due to my older system, but I’m scared for there not being a modern day storyline.

I replay and rewatch game play revolving around the ISU and the Order, as if it’s a real objective. I don’t know why it fascinates me, maybe do to all the connections it makes in missing pieces to the real stories, it fills gaps and makes it interesting, but I’m sad that it’s being done away with.

If shadows still includes the Isu great but if not I’d be disappointed as following the ISU through all the old and new gods, from Egypt to Greece to Norway and England, even speaking for YahWeh and Allah, and into Native American culture, I hope they include African and Japanese in shadows.

I don’t want to say too much about the Isu and Order in case people skipped over it. Jumping into new AC games such as Valhalla has to be so confusing when we get to the ISU because you wouldn’t know where to follow, but putting the puzzle together one piece at a time over the series of a dozen games is a chase I do not stop chasing. I’m playing Valhalla for the 7th time and I’m jumping back into Odyssey.

When I get my ps5 imma spend the first few months replaying the entire series just so I have the clearest picture of the Isu and the order and the modern day story line. So juicy. Anyone else share this fascination",opinion,
"
Assassin's Creed Origins, (2017), is about the start of the Assassin's Creed Brotherhood. It is set in Egypt and I found it very interesting to see how the values of the Assassins were created.

Assassin's Creed Odyssey, (2018), is about a time before the Brotherhood was made. It is set in the Sparta vs. Athens era, with your character being a born Spartan turned mercenary. It is tied into the modern-day because there is a mythical spear found from which the DNA of your character is extracted, and then explored.",analysis,
"
I really CANT fathom how anyone that went into the franchise recently can place ac2 as the best assassins creed. It fails in so many aspects compared to other games that I almost KNOW that people gaslight themselves into making it their favourite because the community loves it so much.

You can like ezio, but ezio in ac2 is BARELY a character whose only memorable moments from his character interactions were the intro, which is admittedly the best part of the game, and some convo with Leonardo that happens at the mid point of the game. Ezio has no other memorable or noteworthy interactions in the entire game and is carried by the side characters. Ezio becomes MUCH better in brotherhood and revelations.

The cities even though they had their charm, didn't flow THAT well with parkour. And don't get me started on the junky combat that is pure nonsense. Or the stealth that doesn't really exist except from social stealth that is either completely broken making you invisible or useless because the mission is in a restricted area. Not to mention how repetitive most missions are.

You can like ac2, but holy christ. I know that this community isn't really that receptive to ac2 criticism, but my god... Also looking at your list, how does it make sense to put all the RPG games and black flag at the top, and then putting ac2 as number 1 while putting the rest of the trilogy 6 places below. Is it that captivating a story that you HAD to place it at the top?",opinion,
"The first game, hands-down, because it's the only game to be set in an era where the historical Assassins and Knights Templar actually existed, and most of the targets are based on real historical figures. With that said, there's still a lot of artistic license in the designs of the cities (there was definitely no giant Gothic cathedral in Acre in 1191), some historical figures, and of course the Apple of Eden is fictional... but overall, it's the one time where the central Assassins vs. Templars plot is pretty true to life.

The rest of the series skews quite well in historic accuracy, at least for certain events, but connecting events to the Assassins vs. Templars metaplot does mean they lose some points for historical accuracy. Disregarding that, I'd say that ACII does a good job with some of its historic events (the Pazzi conspiracy, the battle of Forli and the Bonfire of the Vanities especially) and ACIII gives a passable, albeit very abridged, look at the American Revolution.",analysis,
"I’m doing a replay of the series and man I loved this game back in the day. I think the naval combat is what made me love it back then because replaying it? The naval combat is still fantastic but the rest…… ooof. I hate that 90% of the game is “tail this person ad nauseum”. Edward as a character actually isn’t great like at all. His whole motivation is having enough riches so he can have an easy life right until the very end. He never learns from his mistakes. People drop like flies around him and he’s still “but muh riches” . Probably my least favorite assassin because of how selfish he is. And on that note, dude’s not even an assassin. He just steals the robes and gets handed the blades from templars. It’s so funny because modern AC people shit so much on Eivor and Kassandra not being assassins but like Edward isn’t one 😂 overall not impressed with the game anymore. I hope if they remake it they retcon this being Abstergo propaganda because it makes Edward such a shit character",opinion,
"
People loving Black Flag as much as they did is the reason why the series pivoted so hard. But no one seems to ever connect those dots lol

I love the old games and the new games, and while I did enjoy Black Flag, 60% of it is an absolute slog. It’s not the best in the series to me.

And I loved the modern day sections in it. An absolute sin to admit, I know lol",opinion,
"My favourites were AC Brotherhood and AC4 Black Flag.

Wasn't fussed about Origins, but am loving Odyssey right now.",opinion,
"That it gets better over time lol. Ac 1 is a really rough game by today's standards and the quality dramatically increases over time. Combat really improves after 1/2

For every game: You do not need to do the collectibles, there are a ton and not worth your time.

In AC1 you gain the counter kill ability after taking out your first target. You can use the Hidden Blade to perform counter kills but the timing is more tricky than with the sword. It can be a fun challenge to just use the blade.

In AC2 your main chunk of income should go into rebuilding your main base as it also gives you more money. Purchases should be more focused on getting Swords or weapons over armor imo as it's still easy to dodge and counter kill enemies. Plus there's hidden armor in the game that is really awesome! (I still bought everything in the stores as you get a lot of money over the course of the game)

Make sure to purchase treasure maps when you unlock a new location as they pay themselves back tenfold.

Ac 3: Just focus on the main missions until you hit the training montage. It can be tempting to do everything immediately but the story works best if you do the first several sequences rather quickly.

I can't remember much past AC 3 as I'm currently replaying the series and on 3 rn.",analysis,
"
Do the story until you get the hidden blade and then worry about exploration. The combat is very different from previous games so keep an open mind about it.",analysis,
"Most bandit camps or forts have something to do with a quest or an objective it may be better just to wait to get that and then tear through The forts instead of doubling back.

Also you're not going to be traveling across after map to finish an objective most mission markers and all activities within that region so you don't have to come back twice.


",analysis,
"I don’t understand the praise for this game. The story is probably my least favorite of the entire franchise (there are less interesting, but none as disappointing). The villain was the most forgettable of any AC game, the game doesn’t explain shit like Aya just has a hidden blade out of nowhere, and the game about forming the assassin brotherhood that thrives for centuries after its founding because of its strong ideology doesn’t fucking discuss its ideology in any way other than a 4th grader’s understanding of the AC lore. Bayek’s VA is amazing, but that’s about the only good thing about the story.",opinion,
"
Personally I thought the story in Origins was better than the Odyssey story but obviously there were some issues with it. I didn't think Odyssey's was perfect either... in fact it was very flat in places. The only thing I really didn't like about Origins was that it was SUPPOSED to be an origins story about the assassins but Bayek was already doing assassin type stuff in it so you didn't really get a feel for how he grew to be who he was. For instance... here's a dude in ancient egypt that just likes climbing stuff and diving off. Uh, okay. I mean I know it's sort of a stupid minor thing... but it's a big deal in who we are as assassins. I also know that technically he wasn't an assassin... he was a 'hidden one' but like I said it's still an origin story and I think they left out a lot they could have covered to make it a much larger story. Still, like I said, I liked the story better than I liked Odyssey overall. To me they were like 1A and 1B when I rank the AC games.",opinion,
"Really nice list.

Want to add that:

Using Dual-blades has the advantage of protecting arrows/ attacks from behind b/c of the hanging shield behind. So Dual Blade with Big Shield would help a lot in close-combat.

You could shield charging them to break the big shield blocking by holding Parry (RB) while the shield is activated.

For stealth, you could use Fire Bomb and throw at the guards resting (sitting) on the straw sheet. It kills everyone on that sheet, even the Captain.

You could use Berserk Dark on Brute Commander (only if none of the damages could kill instantly) while sneaking behind him. Not quite sure for the Phylakes.

The tip for Sleep Dart on Fire. For real? I need to test it out. Thanks, man!!",analysis,
"
It'll take you a long time, the base game is really long, and while the Legacy of the Hidden Blade isn't that long on its own, the Fate of Atlantis surely is, it's basically 3 full DLCs on one, but it's really good (if you like mythological stuff).

If you're going to clear the map completely, you'll be there for a while, I'd say, maybe around 1.5 times longer than Origins.",analysis,
"When you see a purple icon in Kephallonia, do not start that quest, as it marks the end of Kassandra's story in Odyssey. Canonically, it takes place after the main story and the DLCs.",analysis,
"
As a developer, I’ve always admired the sheer technical leap between AC1 and AC2. Seeing how they iterated on the engine over 15 years is a masterclass in franchise management, for better or worse. Great list!",opinion,
"
I usually get overstimulated a lot with these open-world games so I tend to focus on main story, do a few side missions, if they interest me - do a few more, if not just skip them entirely",opinion,
"
ACII is pretty good. I tend to prefer the later ones like Shadow, Origins and Odyessy. I liked that the mechanics were smooth however those timed parkour missions gave me a headache.",opinion,
"
Maybe it's a hot take, but I think the story of Shadows is better than Ghosts of Yotei. Yotei really dropped the ball when it comes to having an interesting narrative experience and doesn't live up to Ghosts of Tsushima.

I enjoyed the story of discovering Naoe's parents history as Assassin's and Yasuke's arc of becoming a samurai much more than I'm enjoying Atsu's Kill Bill style rampage through Hokkaido.",opinion,
"
This! The historical playgrounds was the biggest draw to AC for me. None of them are perfect but you can absolutely have fun in every AC if you’re not attached to a particular style of AC.",opinion,
"Story-wise it's always been Black Flag for me. But, as a whole game, it's Odyssey. Nothing has compared to the world of Greece, gameplay, and side content.",opinion,
"
Hooded men fight Red cross men for centuries over artifacts left by a extinct civilization

There's like way more to it but that's it in a single sentence",analysis,
"
For starters, yes, abstergo are the modern templars. They are also however a company in the public that is practically anywhere (think of it like modern companies irl). They gain alot of money which helps them do templar things like finding the pieces of eden and whatnot. In ac Liberation and black flag (as well as rouge i believe) the games modern day story (i think) circulates around the templars/abstergo trying to locate pieces of eden through subjects who signed up, since it looked like a game in the public eye (hence it was called abstergo entertainment).

In ac unity, they are both trying to find a piece of eden called the sword of de molay, and abstergo are trying the best to sabotage them, forcing the assassins to relocate often. The assassins are chased as they had the closer lead, and eventually find the sword. Irrelevant to your questions, but in syndicate shawn and rebecca are shown sabotaging templar plans and being caught, forcing them to run a few times. In that game they look for the shroud of eden.

At the point of ac unity's modern day, i think many animus' wouldve been created by the assassins, i mean in ac2 rebecca had her own (and better) animus.

The templars want the pieces of eden simply to control the world, bend reality to their wants and needs. Thats about it tbh. The assassins are shown mostly gaining knowledge from them in the early games, but as time progress it is shown less, until origins and the other modern titles, i assume that they want to simply stop the templars from using them and regulate their corruption.

So yes to sumarise, abstergo are modern templars who want to control the world with the pieces of eden, they have programs out to the public to find the pieces. The assassins want to stop the templars from controling the world and preserve peace, so they use animus' (stolen or self built depends which game) to find the pieces, and its just a game of tag between the two of them, with many like sub games (so it branches into different locations etc.)",analysis,
"Depends on how he became an Assassin. Does Edward not die, and he ends up successfully training Haytham? Or does that still happen, but after finding out Birch killed his father, Haytham decides to not just kill Birch, but to also take up his dead father's goals, since all his Templar training had been built upon a lie?

If it's the first Route, then Haytham probably would have been killed young by Birch or other Templars in London on a second attempt, Connor never would have been born, so Desmond as we know him wouldn't have been born either. Juno would have needed to find another way. Also without Haytham aiding the British Templars, its possible Achilles' Brotherhood never would have died, leaving a strong Assassin Presence to combat the Templars throughout the rest of history.

It it's the second route, then Haytham probably would have pretended to still be a Templar so that he could Assassinate all the major ones in England. Then he would have either stayed in England and worked to keep the Assassin presence strong, leading to Syndicate being a much different game, or, if before he killed Birch he had learned about the precursor artifacts in America, then he might travel there to protect them from Templar hands. Upon arriving he would intercept and kill Charles Lee, probably find and kill Braddock all the same, which could wind up with him still hooking up with Ziio. Although now, the American Brotherhood still lives, and Haytham would probably stay in America with Ziio, raise connor himself to be an Assassin, like his father never could with him. And again, most of American and British history after that would probably play out very differently, although Connor still being born would lead to the same results as the true timeline with Juno.",opinion,
"My favorite is AC Syndicate. Love the Victorian England setting, both main characters, and the side quests. Combat and parkour also felt good imo, although combat did feel like punching a thousand times and not getting anywhere after awhile. I also loved the mission designs. The main story was pretty weak, but everything else made up for it. Oh, and it has really good DLC.

I personally prefer Origins over Odyssey bc I've always had a fascination with Ancient Egypt and bc Bayek is one of my fave AC protagonists, not to mention the story is pretty good. It's my 2nd fave, right behind Syndicate. The only major downside I can think of is that there's a large chunk of the map that has basically nothing but desert sand with nothing worthwhile there. Odyssey was kind of the exact opposite for me. I found exploring the world the best part and loved doing the side stuff, but the story was not that good. Combat and stealth was VERY fun tho, especially if you have a lot of skills unlocked.",opinion,
Why did Haytham Kenway choose to stay a Templar after he found out that his father Edward Kenway was an Assassin killed by the Templar Grand Master Reginald Birch?,analysis,
"
It's in the novel for AC3, Forsaken",analysis,
The AC3 book is horrible and undermines aspects of the game in favor of Haytham,opinion,
"You have to use Uplay, not Steam. And even if you bought the game from Steam you would still need to use Uplay, so it doesn't matter in the end. Go to https://register.ubisoft.com/acu-notredame-giveaway/en-US , click on the PC icon at the bottom, log in with your Ubisoft account and when you launch Uplay, the game should be in your library.",analysis,
"I get why they didn’t create a Mediterranean Ancient world Trilogy, by making an assassins’s creed game based in Rome following Odyssey. The Greek influence in the Mediterranean was huge. The columns, the porticos, the sculptures, the aesthetic in general would have been very similar to stuff we saw in Alexandria and Athens.

However, I still wish it would’ve happened or wish it can still happen In The future. I don’t know what my preferred timeline would be, but maybe something during the reign of Marcus Aurelius, since to non-history fans he’s probably the most recognizable name other than Caesar and Agustus, maybe Nero. This puts us past the events of Origins and many centuries after Odyssey. And the DLC would definitely be based around the civil war with Caesar and Pompey, maybe even returning to Alexandria or this time a section of Gaul (France).

After seeing the rumored releases that they’re working on, I’m disappointed that none of the games is rumored to be anything based on Ancient Rome.

It could also be based on the rule of Nero. And stretch the historical rumors we’ve all heard of Nero.",analysis,
"Unity. The streets were packed with people! And they are doing all sorts of things. I once came across a group of ladies knitting never saw them again.

And Paris, woow, it rings so true, you can almost smell it. I visited Paris not too long ago and it's 1:1. You can take a building from the game and put it there on the street and it will look like it belongs there and vice versa.",opinion,
"I'm not sure why Ubisoft has never implemented a lore compendium for the series so that fans can pick up any of the Assassin's Creed games and understand what the story is. If someone starts with one of the later RPG titles, there is zero explanation for the modern day segments, and they just drop you right into the middle of it, as if you're supposed to know what's going on. It would be nice if each game had a section in the menu with a timeline and explanation of everything that's happened in the series with the modern day, the Assassins, Templars, and Isu. God help you if you started with AC Valhalla...

It would have made even more sense to create something like this for the Animus Hub, but no...that seems like a wasted opportunity. As of now, the Animus Hub is just a game launcher. I will say, if they don't use the Animus Hub for Black Flag Resynched, I will consider the hub an abandoned concept.",opinion,
"
If you’re talking about AC1 with Altair then there’s a lot to cover. I’m far from the best AC1 player and there’s even more to the game, but these are some of the basic tips and tricks.

COMBAT: The original Assassin’s Creed and the Ezio Trilogy that follows it uses a ‘combo system’ for its combat system. This combo system works with you timing your strikes in a rhythm where you press the attack button just as your weapon hits the enemy. Repeat this and you’ll pull off a combo! Pulling these combos off will become really important in the later parts of the game as the enemies will get tougher. They’ll start to counter Altair’s attacks if you button mash/ spam attack and you’ll find yourself kissing the dirt a lot if you do spam. The tail end of the game has a ton of forced combat encounters so best you learn it.

People will say to just counter attack your way through all of the combat encounters for an easy time, but that’s a bit of lie (kinda) and I don’t recommend it. The only weapon that will guarantee a one hit counter kill every time is the hidden blade and it’s super high risk but high reward. Hidden blade counters require even more precise counter timing than the regular weapons and you can’t block with the hidden blade. This makes it even more risky in the earlier parts of the game where you’ll only have a few segments of health. Also overusing the counter attack is a great way to make the game as unfun as possible.

EXPLORATION: Do synch points to reveal the map. Doing so will reveal investigations and civilians in trouble. Completing as many of these missions is the only way to raise your health bar as far as I know. Rescuing civilians will also plant vigilantes around the city who will distract guards in your fights and escapes when in proximity. Also the game doesn’t tell you this very well but some of your investigations can give you things like a map of patrol routes. These can be accessed in a menu somewhere.

Oh and don’t bother with collecting the flags. They’re ultimately pointless and the devs put them in as a bit of troll for completionists.

PARKOUR: Altair is a slower climber than future protagonists. Use parkour starters to get onto rooftops fast. Also take advantage of side and back ejects when applicable to skip the slow climbing.

Don’t be afraid to release the sprint button if you want to go slower and have more control for things like turns. When you relearn the grasp ledge move, use it as much as possible as the game won’t always cling you to the nearest handhold. It’ll save you from some broken ankles and death.

Archers are littered across the rooftops and they might try to stop you while you’re parkouring. Just lock onto these pests and use a throwing knife to (always) take them out in one hit.

I’d recommend watching Leo K and Jcers’ videos on YouTube of AC1 so you can take full advantage of the game’s parkour system.

MODERN DAY: These sections may seem boring as at first glance as it appears to just be a walking simulator. However, as you progress through Altair’s memories, you’ll find out that you’re not as helpless as you may think. You may or may not be able to do some pickpocketing and exploration...",analysis,
Read Altaïr's notes from each investigation before assassinations! They really help you plan out the best paths to your target and your escape.,analysis,
"learn the timing for combos, its pretty easy when you listen to weapons clanking

when in combat with multiple enemies, pay attention to the highlighted enemy,as thats the one you are engaging atm. when another one swings at you, you have to highlight him instead to deflect his attack. learn and feel that target selection with movement input

dodging and breaking defence is very useful

do all the viewpoints and citizen missions,as it raises ur sync and helps alot when being pursued

short blade and throwing knifes is probably the best weapon to use against a number of generic enemies

when you master counters, countering with hidden blade is instakill, even on bosses

imo the first AC is the best of the series, as the controls are completely manual, later games are made too easy,which is not that fun",analysis,
"
Spamming Devastating shot with death arrows (or normal arrows, it will just take longer...) Will take out all the legendary beasts in about 10 hits. I offed the Erymanthian boar before it could even fart its first fart.",analysis,
You can shout sharks with your bow and arrow. Just bring a boat to stand on. As long as you can get line of sight through the water they will die,analysis,
"
I really can't relate with AC3 being 5/10 and AC4 being 10/10. Collecting everything in AC4 was sooooo booooring. AC3 collectibles were a lot more manageable.",opinion,
"I played the first three games when they came out and I liked them, but after that, most of the titles always lost me after a couple of hours. The constant bugs didn’t help either (I’m looking at you, Black Flag, with NPCs disappearing right in front of me). Even the newer, more polished ones like Origins didn’t really click with me, even though I love how they look and how the maps are designed.

Then I realized what my real problem was: the amount of information on screen. There’s always something popping up: markers, icons, messages, objectives, distances, etc. It never lets you just be in the world.

So I decided to play using only the compass and nothing else. No minimap, no markers, no UI clutter. And honestly? The game became 100% better.

I got that feeling back of being lost, of actually exploring, of wondering “What’s over that hill?” instead of just following icons. It feels more immersive, more natural, and more like an actual adventure.

If you’re like me and the saga never really clicked with you, I highly recommend turning off the HUD and giving it another try.

Just to clarify: I almost never tweak game settings because I like experiencing the developer’s original vision. But please, Ubisoft… stop treating players like they’re dumb. This has been a criticism from the community for years.",analysis,
"Assassin's Creed Liberations is easily one of the best games (For me) in the franchise
",opinion,
"After preordering Assassin’s Creed: Black Flag Resynced, I’ve been thinking about what games they should remake & yes we do need a remake for Assassin’s Creed but removing the repetitiveness & altering a few parts of Altair’s story by adding events from Assassin’s Creed: Bloodlines & his ultimate ending seen in revelations. Another one that came to mind as we know that Assassin’s Creed Rogue & Assassin’s Creed III crosses each other in the timeline, what if they made a remake merging both games together in a way where you can do both game missions, but switch back and forth between Shay & Connor & experience both games stories with added new missions where towards the end of the game Shay meets Connor & you get to choose who to play as at the end with one being a canon choice (Connor) and another not being a canon choice (Shay) with a ending similar to how RE Requiem did it where choosing one or the other changes the ending of the game.",opinion,
"There's no stealth and no penalty for getting spotted, however if you want to play like a true assasin, stick to the rooftops and avoid the lines of visions of the guards. There are haystacks, benches and scholars conveniently placed throughout the world so make the best use of them whenever necessary whether in sneaking inside places or escaping a pursuit 2)Side content is basically about collectibles, you can ignore them if you want 3)Skill progression and gear upgrades only happen through story progression. Although if you do all main missions(since not all are compulsory to do for unlocking main assassination missions) and spend much time undetected, you will have higher sync that will give you additional health

The combat is ridiculously easy",analysis,
"So , i think AC1 is very repetitive. Fun at first when you discover the mechanics but after 1 or 2 hours of playtime , its the same. 4 cities , 3 districts in each one but almost nothing changing. You go to a city , get all the view points , pickpocket eavesdrop interrogation etc. then assassinate the leader of whatever operation. and there is no side activity, nothing to gain nothing to lose. Maybe the only fun part is you gaining back your abilities and equipment as you rank up but other than that , nothing. What do you think?",analysis,
"Counterattack is your best friend. Watch your enemies closely and let them attack you first.

Whenever you go to a new place on the map, try to synchronize on all the high spots first, it's nice to have a complete map.

Also, there is an Assassin Creed 1 sequel game on PSP called Assassin Creed Bloodlines, it shows what happens to Altair after the events of this game, whereas AC2 skips ahead a couple hundred years.",analysis,
"
Charged throwing knives are your BEST friend.

Dodge towards an enemy then attack, it’s more effective than counter kills.

Don’t always hold in the high profile button when running across rooftops.

Oh… And if you’re wanting to collect all the feathers, use an interactive map early on to keep track. Enjoy!",analysis,
"
I finished this game 13 times(I’m a little crazy abt it) one of those was a hidden blade only walk through.

One thing you should do is upgrade your medicine pouch from the tailor shops and stock up on medicines. This makes the game ridiculously easy.

Speedyboys and normal guards can be killed with one counter attack. Another way to instantly kill them is to go for a grab and just slice their necks. On rooftops I just throw the fuckers off because it’s funny.

Officers usually can’t be countered when they are at full health. I usually dodge an attack from them which leaves them open and I keep hitting them till they die. This works for bosses and all types of enemies in this game.

For brutes and spearboys a disarm is the quickest method of killing them. Use your fists and counter and now you have their weapon. Good thing here is that these weapons are kinda good but most of the kill animation have you discard them. You can disarm other guard types too.

Or you know you could just drop a smoke bomb and stab everyone.

I hate the locking in all the Ezio games so I can’t help you with that I’m sorry",analysis,
"
Collect the codex pages throughout the game, they are not optional, and i think it's best to collect them gradually while you play, than having to go after them all at once at the end",analysis,
"
If you like difficulty don't buy armor ever, it's not unequippable

On a similar note, if you want to ditch your weapons, bribe a news guy and immediately after pressing the bribe button, press the attack button to unsheathe, ezio will drop his weapon.

The camera auto redirects when sprinting, so if you're parkouring on beams, just push the analog forward, don't try to compensate for any slight adjustment bc it'll snowball into a confusing mess and it's one of the reasons why ppl complain about parkour in ac2. (picture a biker when he loses control of his bike)

On parkour yet again, ejects are very analog stick focused, if you want to eject back DO NOT touch the analog stick at all, this is another reason why people get mad at parkour.

On ejects again, if you find a good path for it, you can climb walls using ejects instead of a straight line. Picture you wall running up, ejecting to a balcony, wall run up again, eject to a beam, wall run up again, an you're on the roof. It's faster and cooler too imo.

Combat, is very complex, I've never gotten into learning it, although i appreciate its complexity. What i do know is that you do more damage if you tap the attack button at the same time as the first attack connects with the enemy. Also, hidden blades completely cheese through enemies, counters an nearly always instant kills and they're fast af.

Stealth, if you press all the sprint buttons but don't use the analog stick at all, ezio will crouch in place. Make sure to block line of sight and learn the detection range of enemies, lastly, use crowds, they're useful.

Traversal loop, my suggestion is to kill all roof guards that'll make your detection imminent, and offset the notoriety from those kills by occasionally ripping off wanted posters",analysis,
"
AC1. The best AC game ever made. 10/10

AC Revelations. The best AC story ever told. 10/10

AC3. True ending to the franchise as with Desmonds death were left to float in meaningless Filler like the rpg trilogy Syndicate and such. 5/10

AC Black Flag. A pirate game which showed Ubisoft that they can make more money if the dont appeal to AC fans and only sprinkle AC elements in. Causing them to creat the RPG trilogy with Origins which was made by the same team that made AC Black Flag. 4/10

AC Unity. Could have joined the goats if it didnt waste its potential. However once you master the janky controls the game becoms one of the most rewarding Assassin fantasy games ever made. 8/10

AC Origins. The origins of everything wrong with the RPG era games and modern AC in general. 2/10

AC Valhalla. Droppesd it 2 hours in and watched the cutscenes instead. Dropped/10

AC Mirage. A true love letter to AC fans and the best AC game since Unity. 7/10",opinion,
"Some better than others- but all worth playing my opinion.

Standouts we’re 2, Black Flag, and Origins",opinion,
"
I'm playing them all through from start to finish at the moment t, I've gone from the OG on my ps3, through every single main street game in the series and am now on odyssey. I have enjoyed every single one, except unity, unity sucked, and am looking forward to finishing valhalla and the dlc fully l, hopefully by the end of the year.",opinion,
"
Agreed apart from Black Flag and Odyssey - they are both essentially ship based games that have nothing to do with Assassins in my personal opinion. I know Black Flag gets a lot of love because it’s a Pirate game and I understand that but that just means it’s a good pirate game as opposed to an Assassin game. Odyssey just didn’t do anything for me as it fell between too many stools. Whereas Valhalla made great use of boats without you using them in naval battles. I mean a naval battle is hardly Assassin like.",opinion,
"
Take your time, don't rush through, don't use guides. Just experience the atmosphere and find stuff on your own. Assassins Creed games can be played however you want, full stealth or full on brawling all the time. Have fun!",analysis,
"
This applied to the PS3/WiiU releases so unless they've changed some fundamentals this should apply to the remaster as well.

Don't buy weapons for the first playable character if you want to save money early on. They don't carry over and you don't really need them at that point. Don't be afraid to grab chests and collectibles though as they do carry over and you can find the money you collected as this character in a logically placed chest later.

Explore the city undergrounds early to unlock city fast travel points.

Liberate districts early to receive district keys so you don't have to lockpick district chests.

Grab chests, harvest valuable animals you come across, save your money and use trade convoys early and often to get a headstart moneywise. Clearing forts/naval missions also increases the revenue from trade/naval convoys.

Leveling up your homestead craftspeople nets you some nice ammo upgrades etc. so it's worth it to keep up with their missions as soon as available.

Pickpocket civilians whenever the opportunity rises to get crafting materials/delivery request items and to unlock the thieves challenge sets.(after starting sequence 5) Fancy clothing usually means higher value/more rare items.

Defeat an enemy using fists only after starting sequence 5 to grab the attention of the brawlers and beat “Boston's Most Wanted” to unlock brawler challenge sets.

After finishing sequence 4, visit a Frontiersmen campfire in the frontier to begin the first mission, “The Boy Who Cried Wolf” to open up challenge sets.",analysis,
"hide in crowds, crouch in bushes, stay on rooftops, use your eagle vision, be patient and memorize guard patrols, take time to carry and hide bodies.

regarding the detection, there is depth to it. once you are out of sight, the guards will still search for you in your last seen location, seen in game by a white etched outline of you), after roughly 2 minutes (varies from game to game) they stop.",analysis,
Two thoughts: 1. You could start a NG+ and keep your gear. 2. Farming new gear is part of the fun for me. You can keep most things in the Adrestia and then mix/match to your heart's content.,analysis,
"Dodging is much more reliable than parrying.

Using the ""focus target"" option should be used on bosses and not against multiple enemies.

Smoke Bomb is Naoe's best friend.",analysis,
"
I think you use your grappling hook to assassinate him from there, and then just sprint to hide somewhere until you're not in alert. You can click and hold block or parry for each attack in the blue shiny combos but the white or Grey should break after the first block. After each block click block again and hold when being attacked with the blue colored attacks. Red dodge. Also I recommened clearing Katano Castle after you level a few times. Once you kill the two samurai you can loot the legendary chest and it gives you a legendary outfit that gives you the ability to throw a kunai knife at the nearest enemy after you assassinate one...game changer.",analysis,
"
Altair is my favorite too for all of the reasons you've stated. He has so much depth, and he's such an important figure in the Brotherhood. A lot of the reasons people don't seem to like him are the same reasons people don't seem to like Connor: he's not your typical extroverted and charming hero archetype. He doesn't need to be overtly friendly to everyone he meets, and he keeps things close to himself until he feels he needs to share with others. I relate to that a lot.

(Since you brought him up, I actually think Ezio's kinda boring and overrated. He's too much the generic hero archetype for my liking. I probably didn't need to mention this here, but bring on the fire!)",opinion,
"
Altaïr Ibn-La’Ahad is the greatest assassin. He is the assassin from the first game. He saved the assassin order from being destroyed by Al-Mualim, and was able to see past his lies and even withstand the strength of the apple of Eden. He reformed the tenants of the creed, and took the order underground as to not make them a target like they were in the Masayaf castle. Not to mention his skill. Most of his enemies never saw him, as he struck from the shadows like a true assassin. Not to mention he was never hit in battle, and remained undefeated in combat his entire life, registering his last kill, Abbas, at a very advanced age.",opinion,
"
I disagree with you assessment of Altair. I thought he had a good character arc. He starts out pretty much as a loner, arrogant, cold blooded killer. His whole story is becoming more humble wise and even build relationships. He then teaches what learns to next generation through the mistakes his made.

To be honest, all three ;Altair, Ezio and Connor through their hardship, mistakes and experiences all rise up and become mentor of their own sects. You could say, were seeing the lives of these leaders and what made them great mentors and the influence which they had on the brotherhood as a whole. All three were from different backgrounds, different era and had different personality but they save and grew their orders to become stronger and better than it was.

Haytam on the other hand while charismatic and likable to us the player failed in his mission as a grand master. All the work he did in the prologue and rogue was undone by his own son in a few years. He back the wrong people Hickey, Charles and tried to manipulate his own son.",opinion,
"
Is there a consensus? AC1 is widely considered mechanically intolerable, calling for a remake. Odyssey is a monument to the death of original AC and thus hated by fans of that. Unity is its biggest PR disaster, and what casuals might cite. Syndicate makes a mockery of its own IP in terms of both mechanics and themes, earning great ire that way. Valhalla seems to have done the impossible feat of uniting various factions in a shared hatred of its inadequacies across the board, but I dunno if that is the same as being literally the worst.",opinion,
"
Imo Odyssey or Valhalla. It's close, because while Valhalla has some up-sides, it is much more boring than Odyssey",opinion,
"
Started it today, faces are bad and the ps4 controller glitch is killing me but overall one of my fav games thanks to its characters and story. Another issue ive had was the parkour is REALLY CLUNKY compared to games that came before.",opinion,
"You're correct. The HDR implementation in AC3R is awful. Unless you're on PC and can fix it with Reshade or RenoDX, just keep it off.",analysis,
"Nope, sorry. That's part of the ""features"" of the remaster.

I dislike it so much that I just went back to the original, which honestly looks miles better.",analysis,
"Hello, it's me once again.


I posted a video of my custom Launcher for Assassin's Creed 1 with mods and I received a lot of positive feedback and people asking me to release it and so after a week of making sure everything is fully automatized (By fully automatized I mean that all the user has to do is open the Launcher and everything will be setup for him) and that it actually works (Tested it on 2 different PC's and with both GOG and Steam versions). I wanted to release this earlier, but I had some really tough issues with automatizing uMod (The mod used to inject custom textures into the game) and Nexusmods (Don't blame them, just a minor annoyance compared to getting the uMod to be fully automated) keep flagging my Launcher as unsafe because Virustotal has 4 Antiviruses that think this is a virus because it edits .ini file and creates a Shortcut in Search and on Desktop even though I have the link to the Github page on the mod Page.


Nexusmods Link


Do note that this is still a BETA and that things might break. If you plan to use this, backup your current installation and Ubisoft folder located at %AppData%\Roaming.


Also another note: Currently DirectX10 doesn't work, but I might be able to make it work in the future updates, but no promises.


I want your feedback to fix all of the bugs and when I get it to be as stable as possible, I'll start working on Ezio Trilogy (All 3 games with a collection of best mods I can find while also trying to fix them to make them as Definitive and Good Looking as possible with a custom Launcher that launches all 3 games with plenty of customization, similar to Final Fantasy XIII Custom Launcher, but this one will be open source because the main reason why I'm doing this is to get better at programming because it's my passion combined with Gaming).",analysis,
"
Yeah, I got really confused to after changing my TV to an HDR one. Thankfully it's just a matter of turning the HDR off and then on again on the console settings. But really, this remaster was rather poorly done.",analysis,
"
Hey I just went through this 30 mins ago! Lol. Quick fix, go to your ps5 settings, turn HDR off. Then back on. It should fix it, it fixed mine! Do it while in game!!",analysis,
"
Altiar was arrogant, but learned from his mistakes. He took his demotion to heart and genuinely changed by the end.

Connor was just angry, and in the span of AC3 seemed to acknowledge jack all of the creed, instead focusing near exclusively on Charles Lee.",analysis,